rewards_safe_address,rewards_safe_address
0x06b800d0825e2e018915d8528d56cb148de8a03f,100
0x085d8724a16e874ecd8033be6b7e7e3755ea1725,25
0x10720aa56e8c6434203788709876dd46a953f30e,334
0x1c749c465615b8131978ff7ac2ede67fe5754687,355
0x3b0f3e067cc24f40c28cdd8f36c8243f5d7de72a,146
0x3d3e65254b79c5f2e8108573d7232eafb07b7a14,646
0x4038982805b0eaa4cd075b59d0ea5ba1d8e0e311,12
0x4069ccdd9e25d9e106eca36561b2f6d787425110,216
0x4b605c1ac2fd74b5d6b619940b6ff9fe1c4ca83a,73
0x5382d51cd168493f480f7944d9d5b07e71338979,123
0x5d74d4f393bf74c5b5ea689c619fbc9a1deab4dd,18
0x75c5d4b456b697c9cca3daaf4c4a2392b3e1ddbb,64
0x804709550560a6e4bff44355a57900924681264e,30
0x81058ff64a2d765e73fc04c6a19e051701d101c8,2219
0x8e6dd6915f2f2d21a53789a3cc700e726a1aa304,201
0x94a9cd6b66b480d5d4efc0a0fef0e3ce2e5d022f,633
0x984129b1c8d6048df516d81f730475af7d0e4223,5581
0xa411ab42f384d6069aa9586574d3ee6f14b32f9c,12
0xabea4dc133037af99dfa63541090124ae9e0c81c,108
0xb5fdf735f9fed414916c949a25573ac274b21d9b,53
0xc78cdc3dd169f1308f11a0e9fb30d86dbfed444b,14
0xce495858e36c95f491b5a32ca2664405cf10ab76,81
0xcee6063d59e3ff951677ad1e1b2b58c686effa50,87
0xd3d51ae08141509a40cf0bd52639678e8775c998,608
0xd4055e2065c38dd09a187e64d1bc91051b1515fe,10
0xd50ff80ce8efc38d024272f4019978dc017ea200,205
0xfadd9521eba86df0d89b92c5d105f445e3ca9479,23
0xfdf11fa8ae68ddb3ff2b9138a517e6518f2e8796,148
